Parameter,Value
max_bending_stress,3451869.033076991
max_shear_stress,116018.60218492977
max_deflection,0.00025652208955450863
