Parameter,Value
max_bending_stress,3451869.033076991
max_shear_stress,363381.5393745842
max_deflection,-0.0001420401294232833
